exit_time,accurate,vol_adjusted,trend_reversal,donchian_breakout,hybrid
2020-01-09 00:00:00+00:00,,,,1.042570175029227,
2020-01-21 00:00:00+00:00,,,,1.063090276614349,
2020-02-05 00:00:00+00:00,1.2370125282293023,,,,
2020-02-09 00:00:00+00:00,,1.1270419091028026,,,1.1270419091028026
2020-02-15 00:00:00+00:00,,,,1.1451722493600272,
2020-02-18 00:00:00+00:00,1.2963272789578977,,,,
2020-02-22 00:00:00+00:00,,,1.2447736284778734,,
2020-02-26 00:00:00+00:00,1.1908975284204095,1.0158289434885082,,,1.0158289434885082
2020-04-14 00:00:00+00:00,1.2480010649081683,,,,
2020-04-15 00:00:00+00:00,,,,1.1034810339825554,
2020-04-23 00:00:00+00:00,1.3078427159705148,,,,
2020-04-29 00:00:00+00:00,,1.2996648997237763,,,1.2996648997237763
2020-05-10 00:00:00+00:00,,,,1.078832048514756,
2020-06-07 00:00:00+00:00,,,,1.0518349700794505,
2020-06-25 00:00:00+00:00,,,,1.007585664000023,
2020-06-27 00:00:00+00:00,1.213769589410756,,,,
2020-08-17 00:00:00+00:00,,1.436687574650276,,,1.4366875746502759
2020-08-21 00:00:00+00:00,1.5013419645330484,,,,
2020-08-24 00:00:00+00:00,,,1.49707993908939,,
2020-08-25 00:00:00+00:00,,,,1.2102604641841537,
2020-10-10 00:00:00+00:00,1.5733313117324084,,,,1.5055767438547567
2020-10-21 00:00:00+00:00,,1.5806066182387,,,
2020-11-17 00:00:00+00:00,,1.7369823628901857,,,
2020-12-01 00:00:00+00:00,,1.9313937279238975,,,
2020-12-22 00:00:00+00:00,,2.287999345160053,,,
2021-01-02 00:00:00+00:00,,2.56932596905798,,,
2021-01-11 00:00:00+00:00,,3.060861323082898,,1.182539313357108,1.4710913407260804
2021-01-12 00:00:00+00:00,2.2605770896083395,,,,
2021-01-20 00:00:00+00:00,2.143140109803186,,,,
2021-01-28 00:00:00+00:00,1.999273084356606,,,,
2021-02-01 00:00:00+00:00,1.89541084762428,,,,
2021-02-14 00:00:00+00:00,2.6585142702310725,,,,
2021-02-19 00:00:00+00:00,,3.612919544889048,,,
2021-02-22 00:00:00+00:00,,,,1.507117736900209,1.874870312695518
2021-03-16 00:00:00+00:00,2.932779043298124,,,,
2021-03-23 00:00:00+00:00,2.72182424671369,,1.4552947787215755,,
2021-03-25 00:00:00+00:00,,,,1.320209164837877,1.6423540836258976
2021-04-10 00:00:00+00:00,2.852335719343612,,,,
2021-04-18 00:00:00+00:00,2.647167211051226,,,1.2501759172770852,1.5552319872305325
2021-04-19 00:00:00+00:00,,,1.2845761702677392,,
2021-05-04 00:00:00+00:00,2.5096468744371148,,,,
2021-05-12 00:00:00+00:00,,,,1.0510742330427096,1.3075473984030674
2021-05-13 00:00:00+00:00,,3.0509270274092097,,,
2021-06-05 00:00:00+00:00,2.3537023556360017,,,,
2021-06-18 00:00:00+00:00,2.231427518260711,,,,
2021-06-22 00:00:00+00:00,,,,0.8046126587723792,1.0009466083612473
2021-08-03 00:00:00+00:00,,,,0.7446166339742398,
2021-08-06 00:00:00+00:00,2.6728038813726793,3.3146299542582676,,,1.087462132289934
2021-09-08 00:00:00+00:00,,,1.1595195430841152,,
2021-09-21 00:00:00+00:00,,,,0.6427765015713041,0.9387315204790018
2021-10-11 00:00:00+00:00,3.201484489108195,,,,
2021-11-16 00:00:00+00:00,2.87525321966807,,,,
2021-11-17 00:00:00+00:00,,,1.0393163870037485,,
2022-01-05 00:00:00+00:00,,,,0.5663219742885842,
2022-02-14 00:00:00+00:00,,,0.9915759371940526,,
2022-03-04 00:00:00+00:00,2.582264916583894,,,,
2022-03-27 00:00:00+00:00,2.8350686519174575,,,,
2022-04-01 00:00:00+00:00,,,,0.5545646869632099,
2022-04-07 00:00:00+00:00,,,0.9640774094479644,,
2022-04-10 00:00:00+00:00,2.5461751562870685,,,,
2022-04-22 00:00:00+00:00,2.4139013569179553,,,,
2022-05-26 00:00:00+00:00,2.2884991814260673,,,,
2022-06-04 00:00:00+00:00,2.138512789001176,,,,
2022-06-10 00:00:00+00:00,2.0274170496125645,,,,
2022-06-30 00:00:00+00:00,1.881584941233933,,,,
2022-07-11 00:00:00+00:00,1.7462425364109762,,,,
2022-07-26 00:00:00+00:00,1.620635310766935,,0.8845437077848158,,
2022-09-19 00:00:00+00:00,1.4554925725997845,,,,
2022-11-08 00:00:00+00:00,1.3071778794518665,,,,
2022-11-09 00:00:00+00:00,,,0.8146725058724419,,
2023-01-18 00:00:00+00:00,,3.86424707262164,,,
2023-01-19 00:00:00+00:00,1.4303717587147513,,,,
2023-01-25 00:00:00+00:00,,4.03200235472707,,,
2023-02-02 00:00:00+00:00,1.4989580845451238,,,,
2023-02-10 00:00:00+00:00,,,1.038004617929317,0.7101223730341444,
2023-02-17 00:00:00+00:00,,,,0.7107255606278944,
2023-02-25 00:00:00+00:00,,3.7888859154794616,,,
2023-03-01 00:00:00+00:00,,,0.9865950174454008,,
2023-03-03 00:00:00+00:00,1.391138029523793,,,,
2023-03-15 00:00:00+00:00,,,,0.7316363815531653,
2023-03-17 00:00:00+00:00,,4.276511391575895,,,
2023-03-28 00:00:00+00:00,1.5208712118718584,,,,
2023-04-01 00:00:00+00:00,,4.427530647839488,,,
2023-07-14 00:00:00+00:00,,,,0.8223489873836618,
2023-07-17 00:00:00+00:00,,4.456084096374602,,,
2023-07-19 00:00:00+00:00,,,1.0386079819346674,,
2023-08-31 00:00:00+00:00,,,,0.8173091548513629,
2023-09-24 00:00:00+00:00,,,,0.8149513427126736,
2023-09-25 00:00:00+00:00,,,1.0000596841659717,,
2023-10-03 00:00:00+00:00,,,,0.8121161466212616,
2023-10-11 00:00:00+00:00,,4.234061634534334,,,
2023-10-29 00:00:00+00:00,1.593796986481114,,,,
2023-11-01 00:00:00+00:00,,4.477948701928608,,,
2023-11-14 00:00:00+00:00,,,,1.0307449215933888,
2023-11-16 00:00:00+00:00,,,,0.9699035168425107,
2023-12-08 00:00:00+00:00,,4.758085180888619,,,
2023-12-26 00:00:00+00:00,,,,0.9175684009123092,
2024-01-03 00:00:00+00:00,,,,0.8577202568437924,
2024-01-08 00:00:00+00:00,1.6702195519828833,,,,
2024-01-12 00:00:00+00:00,,,,0.8327640018853318,
2024-01-14 00:00:00+00:00,1.5000241796358276,,,,
2024-02-07 00:00:00+00:00,1.5719503390493654,,,,
2024-02-16 00:00:00+00:00,,5.230841812982677,,,1.0320025602335494
2024-02-18 00:00:00+00:00,1.7894551290629832,,,,
2024-03-05 00:00:00+00:00,,6.2522931908827255,,,1.2335266121615995
2024-03-06 00:00:00+00:00,2.089398884921067,,,1.0766079818944418,
2024-03-10 00:00:00+00:00,2.189585561453032,,,,
2024-03-15 00:00:00+00:00,,,,1.0436422813316824,
2024-03-19 00:00:00+00:00,1.9664667927409685,,,,
2024-03-26 00:00:00+00:00,2.060758875452898,,,,
2024-04-04 00:00:00+00:00,,,0.9407325530222967,,
2024-05-01 00:00:00+00:00,1.8507675460442476,,,,
2024-05-15 00:00:00+00:00,1.9395118498770691,,,,
2024-05-20 00:00:00+00:00,2.0325114430786746,,,,
2024-05-30 00:00:00+00:00,,,0.90455813079319,,
2024-07-05 00:00:00+00:00,1.8253985270289577,,,,1.1078302503823325
2024-07-14 00:00:00+00:00,1.9129263863999968,,,,1.1609507108881656
2024-07-19 00:00:00+00:00,2.0082992568019287,,,,1.2188322909007356
2024-08-01 00:00:00+00:00,,,0.8745180090030791,,
2024-08-03 00:00:00+00:00,1.8036535625338124,,,,1.0946332804579508
2024-08-04 00:00:00+00:00,,5.6018611262517375,,,
2024-08-23 00:00:00+00:00,1.8901387508573089,,,,
2024-10-01 00:00:00+00:00,,,,0.998924940534444,
2024-10-02 00:00:00+00:00,,,0.8403031978799375,,
2024-10-23 00:00:00+00:00,,,,0.9865096929961448,
2024-10-29 00:00:00+00:00,,5.8980757004842355,,,1.1525151743149895
2024-11-01 00:00:00+00:00,,,,0.9836826720600956,
2024-11-04 00:00:00+00:00,,,0.8599047976001988,,
2024-11-10 00:00:00+00:00,1.9807709039609165,,,,
2024-11-15 00:00:00+00:00,,6.6927698138246186,,,1.3078026055170666
2024-11-19 00:00:00+00:00,2.0757488688058423,,,,
2024-11-25 00:00:00+00:00,,,,1.2399833069311357,
2024-12-09 00:00:00+00:00,,,,1.1951979941157538,
2024-12-18 00:00:00+00:00,,,,1.1547166821234052,
2025-01-21 00:00:00+00:00,,,,1.0683758147623563,
2025-01-28 00:00:00+00:00,,,0.8391311039951156,,
2025-03-04 00:00:00+00:00,1.864230059074527,,,,
2025-05-08 00:00:00+00:00,1.9536198904071511,,,,1.37051174045161
2025-05-21 00:00:00+00:00,2.047295964152174,7.051858167082469,,,1.436227778406265
2025-05-30 00:00:00+00:00,,,0.9470861492785428,,
2025-05-31 00:00:00+00:00,,6.520659434276462,,1.2449414253628142,
2025-06-13 00:00:00+00:00,,6.112989457469357,,,1.3464351813516129
2025-07-10 00:00:00+00:00,,6.39429454876963,,,1.4083948942310807
2025-07-14 00:00:00+00:00,,6.676393716109311,,,1.4705295087562271
2025-07-25 00:00:00+00:00,,,,1.309704613455705,
2025-07-31 00:00:00+00:00,,,0.9602618327805588,,
2025-08-16 00:00:00+00:00,,,0.9121339477886964,,
2025-08-18 00:00:00+00:00,,6.391643302693758,,1.2332038829557774,1.4078109359213518
2025-09-22 00:00:00+00:00,,,0.896086020276053,,
2025-10-07 00:00:00+00:00,,,,1.2606482719121883,
2025-10-10 00:00:00+00:00,1.8386765054050676,,,,
2025-10-11 00:00:00+00:00,,,0.8392385532830032,,
2025-12-14 00:00:00+00:00,,,,1.17674435221192,
2025-12-30 00:00:00+00:00,,6.03238759034332,,,1.3286819706948336
2026-01-08 00:00:00+00:00,,5.726938674849036,,1.1689370664472372,1.2614043860059414
2026-01-10 00:00:00+00:00,,,0.8074913571378537,,
2026-01-19 00:00:00+00:00,,,,1.1517967453508378,
2026-01-20 00:00:00+00:00,,5.418673788682782,0.7694442800004562,,1.1935065610878173
2026-03-06 00:00:00+00:00,,5.453984730161854,,,
2026-03-23 00:00:00+00:00,,,,1.0933832753170378,
2026-03-29 00:00:00+00:00,1.6513153695042913,,,,
2026-04-17 00:00:00+00:00,1.730495941472022,5.8585920963548315,,,
2026-04-30 00:00:00+00:00,,,0.7965516621841134,,
2026-05-06 00:00:00+00:00,1.8134732218656056,,,,
2026-05-16 00:00:00+00:00,,,0.7874067836610307,,
2026-05-17 00:00:00+00:00,,,,1.1532006763018312,
2026-07-21 00:00:00+00:00,,6.250057752564531,,,
2026-08-24 00:00:00+00:00,,7.001997212648718,,,
2026-09-03 00:00:00+00:00,1.9910122502862488,,,,
2026-09-15 00:00:00+00:00,,,,1.3384815001568002,
2026-09-16 00:00:00+00:00,,,0.8578701245151772,,
2026-09-22 00:00:00+00:00,,7.460346170424231,,,
