exit_time,accurate,vol_adjusted,trend_reversal,donchian_breakout
2019-01-08 23:00:00+00:00,,,,-0.027980399191948502
2019-01-09 22:00:00+00:00,,,-0.008901264954354504,
2019-01-10 16:00:00+00:00,,-0.0807417803054129,,
2019-01-15 20:00:00+00:00,-0.031970000000000054,,,
2019-01-19 04:00:00+00:00,,-0.008683268491067264,,
2019-01-19 10:00:00+00:00,0.017980000000000107,,,
2019-01-20 12:00:00+00:00,-0.03390338281820393,,,
2019-01-20 13:00:00+00:00,,,-0.046518179446627506,
2019-01-26 07:00:00+00:00,0.017980000000000107,,,
2019-01-27 14:00:00+00:00,-0.031970000000000054,,,
2019-02-02 23:00:00+00:00,0.017979999999999885,,,
2019-02-06 01:00:00+00:00,-0.03196999999999994,,,
2019-02-08 21:00:00+00:00,,,,-0.015840827644750477
2019-02-09 17:00:00+00:00,,0.03775293033920635,,
2019-02-11 17:00:00+00:00,0.03380413356072576,,,
2019-02-12 02:00:00+00:00,,,-0.014236033920845825,
2019-02-19 01:00:00+00:00,,,,0.03856827514515926
2019-02-19 17:00:00+00:00,,0.06014221212916504,,
2019-02-19 21:00:00+00:00,,,,-0.01807871032124997
2019-02-21 09:00:00+00:00,,,,-0.019308525309578606
2019-02-21 19:00:00+00:00,0.0768457083269134,,,
2019-02-23 17:00:00+00:00,0.017980000000000107,,0.06427995742828108,
2019-02-24 13:00:00+00:00,,,,0.019621162536495262
2019-02-24 15:00:00+00:00,-0.07641147252747249,-0.07641147252747249,-0.08587557977932736,
2019-02-27 20:00:00+00:00,-0.031970000000000054,,,
2019-03-04 05:00:00+00:00,-0.031970000000000054,,,
2019-03-08 22:00:00+00:00,,,,-0.02133089083366746
2019-03-10 13:00:00+00:00,,,0.004585381133087152,
2019-03-11 12:00:00+00:00,,,,-0.025424233747864733
2019-03-17 00:00:00+00:00,,-0.015034253623086191,,
2019-03-18 15:00:00+00:00,,,0.0040762273999832566,
2019-03-20 16:00:00+00:00,0.04795000000000016,,,
2019-03-21 14:00:00+00:00,-0.02198,,,-0.005352665548051139
2019-03-25 18:00:00+00:00,-0.02198,,,
2019-03-29 09:00:00+00:00,,0.010205159366851069,,
2019-03-29 16:00:00+00:00,,-0.0144004595303876,,
2019-04-02 05:00:00+00:00,,,0.09458597161305438,
2019-04-02 14:00:00+00:00,,,,0.14739089627486668
2019-04-02 18:00:00+00:00,,0.042591659726459286,,
2019-04-03 04:00:00+00:00,,,,0.008442732654507568
2019-04-03 05:00:00+00:00,,-0.038744306337838874,,
2019-04-03 16:00:00+00:00,,0.02301276839080213,,
2019-04-03 20:00:00+00:00,,0.023813602582352544,,
2019-04-03 22:00:00+00:00,,-0.028390245473340348,,0.006570705809546773
2019-04-06 03:00:00+00:00,0.23575370234922222,,,
2019-04-08 11:00:00+00:00,,,,-0.041998188255473634
2019-04-09 11:00:00+00:00,,,0.08153703266596413,
2019-04-11 01:00:00+00:00,0.05683829577825428,,,
2019-04-11 03:00:00+00:00,,,,-0.031694300903865935
2019-04-15 20:00:00+00:00,-0.02198000000000011,,,
2019-04-21 11:00:00+00:00,,,-0.007396513136215477,
2019-04-24 07:00:00+00:00,,-0.01964974571515299,,0.025081279856467242
2019-04-24 19:00:00+00:00,,,-0.027024886508080548,
2019-04-26 02:00:00+00:00,0.04795000000000016,,,
2019-04-29 13:00:00+00:00,-0.02198000000000011,,,
2019-05-04 06:00:00+00:00,,,,-0.01421321382968388
2019-05-07 15:00:00+00:00,,,,-0.004907238294369121
2019-05-08 00:00:00+00:00,-0.02198000000000011,,,
2019-05-09 08:00:00+00:00,,0.028371494344132664,,
2019-05-10 20:00:00+00:00,,,,0.04300022064421505
2019-05-11 03:00:00+00:00,,0.030239434764383955,,
2019-05-11 08:00:00+00:00,,,,0.027433512829972084
2019-05-12 00:00:00+00:00,,,,0.0023510226140119883
2019-05-12 09:00:00+00:00,,,,-0.008582407925496138
2019-05-12 13:00:00+00:00,,0.06378478831491163,,
2019-05-13 23:00:00+00:00,,,,0.03476234221540331
2019-05-14 15:00:00+00:00,,0.07984196191872872,,
2019-05-14 16:00:00+00:00,,,,-0.0240399290848744
2019-05-17 00:00:00+00:00,,,0.3210763110094521,
2019-05-17 02:00:00+00:00,0.32144010465397166,,,
2019-05-19 14:00:00+00:00,-0.023160311678731227,,,
2019-05-20 19:00:00+00:00,,,-0.05892506154808086,
2019-05-22 11:00:00+00:00,-0.02198000000000011,,,
2019-05-24 08:00:00+00:00,,-0.04294100298947823,,
2019-05-29 05:00:00+00:00,,,,0.014556341503365822
2019-05-29 22:00:00+00:00,0.08063929236148981,,,
2019-05-30 16:00:00+00:00,,0.043803606129693806,,
2019-05-30 17:00:00+00:00,-0.03509981825807351,,-0.0018520636947979563,-0.03279055007931864
2019-06-03 14:00:00+00:00,-0.02985781541652266,,,
2019-06-03 23:00:00+00:00,-0.02197999999999989,,,
2019-06-08 18:00:00+00:00,-0.030141142462841053,,,
2019-06-09 12:00:00+00:00,-0.02198,,,
2019-06-09 22:00:00+00:00,-0.02198,,,
2019-06-16 01:00:00+00:00,,0.03132140441695319,,
2019-06-16 08:00:00+00:00,,,,-0.0068100930857087905
2019-06-17 15:00:00+00:00,,,,-0.029642831509258172
2019-06-18 05:00:00+00:00,,,,-0.030230458325372966
2019-06-19 00:00:00+00:00,,,0.10200354623724395,
2019-06-19 06:00:00+00:00,0.14469720916274875,,,
2019-06-20 15:00:00+00:00,,0.006918277265170136,,
2019-06-21 23:00:00+00:00,,0.03595662347830686,,
2019-06-22 14:00:00+00:00,,,,0.14045890834804076
2019-06-22 22:00:00+00:00,,0.040792400682686525,,
2019-06-23 23:00:00+00:00,,,,-0.03262556720656262
2019-06-25 10:00:00+00:00,,0.04831049130485754,,
2019-06-26 09:00:00+00:00,,,,0.08769210875361821
2019-06-26 21:00:00+00:00,,,,-0.01105247692307687
2019-06-26 22:00:00+00:00,,0.05225580241251815,,
2019-06-27 17:00:00+00:00,0.20778148103260197,,0.1599691656380855,
2019-06-27 20:00:00+00:00,-0.02198,,,
2019-06-28 05:00:00+00:00,-0.02198,,,
2019-06-29 11:00:00+00:00,0.04795000000000016,,,
2019-06-30 23:00:00+00:00,-0.02720833517756882,,,
2019-07-03 22:00:00+00:00,0.017979999999999885,,,
2019-07-06 02:00:00+00:00,-0.05195000000000005,,,
2019-07-06 15:00:00+00:00,0.017980000000000107,,,
2019-07-10 23:00:00+00:00,,,-0.017486579910201305,
2019-07-12 20:00:00+00:00,0.017980000000000107,,,
2019-07-21 21:00:00+00:00,0.017980000000000107,,,
2019-07-23 06:00:00+00:00,-0.05194999999999994,,,
2019-07-27 11:00:00+00:00,-0.060659427263172305,,,
2019-08-05 01:00:00+00:00,,0.0695458550015653,,
2019-08-06 21:00:00+00:00,,,,0.05776015541301138
2019-08-08 12:00:00+00:00,0.23788869045621563,,,
2019-08-08 18:00:00+00:00,,,0.15631390204408624,
2019-08-10 12:00:00+00:00,-0.05195000000000005,,,
2019-08-14 17:00:00+00:00,,-0.12141544753035471,,
2019-08-21 04:00:00+00:00,,,-0.05375326566231864,
2019-08-22 01:00:00+00:00,-0.05194999999999994,,,
2019-08-26 00:00:00+00:00,0.017980000000000107,,,
2019-08-28 19:00:00+00:00,-0.07538247556251731,,,
2019-09-03 19:00:00+00:00,,0.053547256568587054,,
2019-09-06 17:00:00+00:00,,,,-0.0031380166008181387
2019-09-06 19:00:00+00:00,,,0.04627842696629214,
2019-09-19 03:00:00+00:00,-0.05195000000000005,,,
2019-09-23 14:00:00+00:00,,-0.038502224198398105,,
2019-09-24 14:00:00+00:00,-0.05195000000000005,,,
2019-09-30 23:00:00+00:00,0.017980000000000107,,,
2019-10-06 08:00:00+00:00,-0.05195000000000005,,,
2019-10-09 15:00:00+00:00,,0.038131343457732836,,
2019-10-11 08:00:00+00:00,,,-0.028452687669092702,-0.005309096587780671
2019-10-13 12:00:00+00:00,0.017979999999999885,,,
2019-10-15 16:00:00+00:00,,-0.05079510581015234,,
2019-10-16 12:00:00+00:00,-0.05195000000000005,,,
2019-10-22 21:00:00+00:00,,,-0.012112914556684284,
2019-10-23 12:00:00+00:00,-0.05195000000000005,-0.037866090461536994,,
2019-10-26 09:00:00+00:00,,,,0.09021447555785467
2019-10-26 17:00:00+00:00,,0.1069875335080086,,
2019-10-29 01:00:00+00:00,0.10198043158679759,,,
2019-10-29 02:00:00+00:00,,,0.07277167693317899,
2019-10-31 10:00:00+00:00,-0.05194999999999994,,,
2019-11-04 20:00:00+00:00,0.017980000000000107,,,
2019-11-08 09:00:00+00:00,-0.05195000000000005,,,
2019-11-27 09:00:00+00:00,-0.05195000000000005,,,
2019-11-29 13:00:00+00:00,,0.060888767241017216,,
2019-11-30 17:00:00+00:00,0.037437701766923626,,,
2019-11-30 18:00:00+00:00,,,-0.006904166594604799,
2019-12-01 01:00:00+00:00,,,,-0.033209834398212346
2019-12-12 01:00:00+00:00,-0.05194999999999994,,,
2019-12-19 09:00:00+00:00,-0.05195000000000005,,,
2019-12-22 16:00:00+00:00,,0.03599121733356614,,
2019-12-22 17:00:00+00:00,0.017979999999999885,,,
2019-12-23 21:00:00+00:00,,,,0.001976780371116149
2019-12-24 02:00:00+00:00,,,-0.015115778987268014,
2019-12-29 19:00:00+00:00,0.017980000000000107,,,
2019-12-30 10:00:00+00:00,,,-0.02152240927285798,
2020-01-05 01:00:00+00:00,0.02797000000000005,,,
2020-01-06 22:00:00+00:00,0.02797000000000005,0.033497228253943634,,
2020-01-07 17:00:00+00:00,0.02797000000000005,,,
2020-01-07 23:00:00+00:00,,0.04168353391472124,,
2020-01-08 09:00:00+00:00,0.03199081052031838,,,
2020-01-08 16:00:00+00:00,-0.02198,,,0.07807954177971355
2020-01-08 20:00:00+00:00,,-0.06483447169787993,,
2020-01-09 04:00:00+00:00,,,0.05001458352895738,
2020-01-11 17:00:00+00:00,0.02797000000000005,,,
2020-01-14 14:00:00+00:00,0.03651641654605009,,,
2020-01-17 18:00:00+00:00,0.02797000000000005,,,
2020-01-19 01:00:00+00:00,,0.05148059385524806,,
2020-01-19 11:00:00+00:00,-0.02198000000000011,,,0.03539916804126997
2020-01-19 12:00:00+00:00,,,0.01642846483777416,
2020-01-23 05:00:00+00:00,-0.02198000000000011,,,
2020-01-25 01:00:00+00:00,-0.02198,,,
2020-01-27 18:00:00+00:00,0.02797000000000005,,,
2020-01-27 19:00:00+00:00,,0.029762862537547674,,
2020-01-28 14:00:00+00:00,0.02797000000000005,,,
2020-01-28 23:00:00+00:00,,0.031287094706883956,,
2020-01-31 15:00:00+00:00,,,0.06683740786722736,
2020-02-02 04:00:00+00:00,-0.02198000000000011,,,0.04129072357818586
2020-02-03 17:00:00+00:00,,,,-0.03600041536336562
2020-02-06 11:00:00+00:00,0.02797000000000005,,,
2020-02-06 12:00:00+00:00,,0.032451729750601066,,
2020-02-09 07:00:00+00:00,,0.02958271410987856,,
2020-02-09 12:00:00+00:00,0.02797000000000005,,,
2020-02-10 05:00:00+00:00,-0.02198000000000011,,,0.025409916254863774
2020-02-10 09:00:00+00:00,,,0.022482824571740334,
2020-02-11 01:00:00+00:00,,-0.04033843476175647,,
2020-02-13 07:00:00+00:00,0.02797000000000005,,,
2020-02-13 09:00:00+00:00,,,,-0.01028325162472643
2020-02-13 14:00:00+00:00,,,-0.014629158040428969,
2020-02-15 15:00:00+00:00,-0.02198,,,-0.03845570294600764
2020-02-16 16:00:00+00:00,,-0.04885291609957276,,
2020-02-19 21:00:00+00:00,-0.02198000000000011,-0.049720747528301135,,
2020-02-19 22:00:00+00:00,,,-0.051000817860409886,
2020-02-24 02:00:00+00:00,-0.02198,,,
2020-02-27 21:00:00+00:00,-0.02198000000000011,,,
2020-03-03 15:00:00+00:00,-0.02198,,,
2020-03-07 17:00:00+00:00,-0.02198,,,
2020-03-07 18:00:00+00:00,,,-0.0212750590895755,
2020-03-08 00:00:00+00:00,,,,-0.01837102952077785
2020-03-08 12:00:00+00:00,,-0.050959762404900744,,
2020-03-10 16:00:00+00:00,-0.036111498162507694,,,
2020-03-14 08:00:00+00:00,-0.02198,,,
2020-03-14 21:00:00+00:00,-0.02198,,,
2020-03-15 23:00:00+00:00,-0.092962553645344,,,
2020-03-18 07:00:00+00:00,-0.02198,,,
2020-03-18 15:00:00+00:00,-0.02198,,,
2020-03-20 18:00:00+00:00,0.18285648822815603,,,
2020-03-20 20:00:00+00:00,,,,-0.03706291036936116
2020-03-21 11:00:00+00:00,,,-0.0547127426141607,
2020-03-21 20:00:00+00:00,,0.13160534504016153,,
2020-03-21 22:00:00+00:00,-0.025051112604244863,,,
2020-03-22 08:00:00+00:00,-0.02198000000000011,,,
2020-03-22 12:00:00+00:00,-0.026164283075205574,,,
2020-03-23 14:00:00+00:00,-0.02198000000000011,,,
2020-03-24 17:00:00+00:00,0.04794999999999994,,,
2020-03-25 03:00:00+00:00,-0.02198,,,
2020-03-26 08:00:00+00:00,,,-0.020703515201676792,
2020-03-28 03:00:00+00:00,,,,-0.10398249507718693
2020-04-01 00:00:00+00:00,-0.02198,,,
2020-04-01 03:00:00+00:00,,-0.06061902179499978,,
2020-04-03 07:00:00+00:00,0.04794999999999994,,,
2020-04-03 14:00:00+00:00,-0.02198,,,
2020-04-03 16:00:00+00:00,,,,-0.030270868091791803
2020-04-04 01:00:00+00:00,,,0.015238795314643783,
2020-04-06 18:00:00+00:00,,0.06477294069631312,,
2020-04-07 10:00:00+00:00,0.04795000000000016,,,
2020-04-07 14:00:00+00:00,-0.02198000000000011,,,
2020-04-09 12:00:00+00:00,,,0.009400763627455788,
2020-04-10 05:00:00+00:00,,,,-0.02849989023334143
2020-04-12 22:00:00+00:00,-0.02198,,,
2020-04-13 00:00:00+00:00,,-0.08029770752955234,,
2020-04-15 11:00:00+00:00,-0.02198,,,
2020-04-19 15:00:00+00:00,,,-0.013621480861337298,
2020-04-20 12:00:00+00:00,-0.02198,,,-0.03710390809719233
2020-04-23 14:00:00+00:00,0.04794999999999994,0.051026203273342396,,
2020-04-30 13:00:00+00:00,,0.07812287265592932,,
2020-05-01 17:00:00+00:00,,,0.09783974873112733,
2020-05-03 12:00:00+00:00,-0.02198,,,
2020-05-07 00:00:00+00:00,-0.02198,,,
2020-05-09 08:00:00+00:00,,,-0.022290870995607337,
2020-05-09 11:00:00+00:00,,,,0.04171198878227145
2020-05-09 12:00:00+00:00,0.04794999999999994,,,
2020-05-10 00:00:00+00:00,,-0.0685361984883468,,
2020-05-10 01:00:00+00:00,-0.1019276842327308,,,
2020-05-15 02:00:00+00:00,,,,0.013274042732170699
2020-05-15 17:00:00+00:00,,,0.0008995401201004061,
2020-05-16 15:00:00+00:00,0.05412612184888532,,,
2020-05-18 08:00:00+00:00,-0.02198,,,
2020-05-19 04:00:00+00:00,-0.02198,,,-0.04246638754973875
2020-05-19 12:00:00+00:00,-0.02198000000000011,,,
2020-05-20 15:00:00+00:00,-0.02198000000000011,,,
2020-05-30 02:00:00+00:00,,,-0.011296523070194686,
2020-05-31 23:00:00+00:00,,,,0.023079396312522427
2020-06-01 20:00:00+00:00,0.04794999999999994,,,
2020-06-02 14:00:00+00:00,,,,0.025828033604520684
2020-06-02 15:00:00+00:00,-0.062760274476095,-0.062760274476095,,
2020-06-11 12:00:00+00:00,,,,-0.010834992755194284
2020-06-17 19:00:00+00:00,,,,-0.0217646754706895
2020-06-19 02:00:00+00:00,-0.02198,,,
2020-06-24 00:00:00+00:00,,0.006807542174079861,,
2020-06-24 07:00:00+00:00,,,,0.01217624538791151
2020-06-24 08:00:00+00:00,-0.02198,,-0.015092821462473371,
2020-07-02 15:00:00+00:00,,,,-0.013977332598392178
2020-07-08 00:00:00+00:00,,,-0.005969416838007668,
2020-07-09 14:00:00+00:00,,,,0.00827855304740499
2020-07-16 07:00:00+00:00,,-0.022896047805702202,,
2020-07-22 07:00:00+00:00,,,,0.004728693838234266
2020-07-22 22:00:00+00:00,,0.016276804782651144,,
2020-07-24 07:00:00+00:00,,,,0.000809387958869312
2020-07-25 20:00:00+00:00,,0.018398093707377994,,
2020-07-26 12:00:00+00:00,,,,0.015936826844714203
2020-07-27 01:00:00+00:00,,0.02345487926904255,,
2020-07-27 16:00:00+00:00,,0.029378739673571186,,
2020-07-27 23:00:00+00:00,,,,0.05836245332416823
2020-07-29 14:00:00+00:00,0.04794999999999994,0.04669710341462796,,
2020-07-30 07:00:00+00:00,,,0.17090624323479808,
2020-08-02 05:00:00+00:00,,,-0.04740070958347864,-0.017150375303495946
2020-08-07 14:00:00+00:00,,,,-0.0024546369658665634
2020-08-07 15:00:00+00:00,,,-0.0133359353283945,
2020-08-10 10:00:00+00:00,,,,-0.021084850719085058
2020-08-18 11:00:00+00:00,-0.02198,,,
2020-08-18 13:00:00+00:00,,,,0.015027325310488227
2020-08-25 07:00:00+00:00,,,,-0.02060238897341371
2020-08-29 07:00:00+00:00,,0.011708666698034165,,
2020-09-01 00:00:00+00:00,,,,-0.006971379907835584
2020-09-02 08:00:00+00:00,,,,-0.009438377384205499
2020-09-02 10:00:00+00:00,,-0.025215181886886873,,
2020-09-02 11:00:00+00:00,,,0.006057847957392948,
2020-09-13 11:00:00+00:00,,,,-0.011422634931638975
2020-09-13 16:00:00+00:00,,,-0.011648919455011897,
2020-09-15 10:00:00+00:00,,0.01795227613667416,,
2020-09-17 13:00:00+00:00,,-0.03004653086294118,,
2020-09-20 12:00:00+00:00,,,0.02686441762404601,0.029314899879679723
2020-09-25 17:00:00+00:00,,0.01350351560928531,,
2020-09-27 13:00:00+00:00,,,-0.0007716294642230448,
2020-09-28 23:00:00+00:00,,,,0.009814646810597294
2020-09-29 03:00:00+00:00,,,-0.02395152399051015,
2020-09-30 06:00:00+00:00,,-0.01943369995261135,,
2020-10-01 18:00:00+00:00,,,-0.037831230753948675,
2020-10-06 18:00:00+00:00,,,,-0.006918045301835707
2020-10-06 20:00:00+00:00,,,-0.008912754426722014,
2020-10-09 11:00:00+00:00,,0.012499932844861839,,
2020-10-10 02:00:00+00:00,,0.009506656018700266,,
2020-10-11 21:00:00+00:00,,,,0.03733769984606683
2020-10-12 08:00:00+00:00,,-0.002426480560777322,,
2020-10-13 10:00:00+00:00,,-0.028609814057187433,,-0.010651821130869155
2020-10-13 18:00:00+00:00,,,0.03992753391771653,
2020-10-16 08:00:00+00:00,,,-0.019301058137594418,
2020-10-20 15:00:00+00:00,,0.012702225121538069,,
2020-10-21 03:00:00+00:00,,0.012137907221016153,,
2020-10-22 03:00:00+00:00,,0.048128359176838664,,
2020-10-22 19:00:00+00:00,0.04795000000000016,,,
2020-10-25 05:00:00+00:00,,,,0.12034543881333226
2020-10-28 12:00:00+00:00,,,,-0.007675021994577591
2020-10-28 14:00:00+00:00,,-0.04805370879145576,,
2020-10-28 17:00:00+00:00,,,-0.024860728040565605,
2020-10-30 09:00:00+00:00,,,-0.025463718752304465,
2020-10-31 02:00:00+00:00,0.017980000000000107,,,
2020-11-02 08:00:00+00:00,,,,-0.010637659658812693
2020-11-02 09:00:00+00:00,-0.03411156944785332,,-0.00984643734643742,
2020-11-03 22:00:00+00:00,0.017980000000000107,,,
2020-11-06 11:00:00+00:00,,0.07447403113252249,,
2020-11-07 16:00:00+00:00,,,,0.08518404938476598
2020-11-07 20:00:00+00:00,,,0.04216648375979504,
2020-11-08 16:00:00+00:00,0.08783661420117683,,,
2020-11-09 14:00:00+00:00,-0.031970000000000054,,,
2020-11-09 16:00:00+00:00,,,,-0.05477579243935626
2020-11-09 18:00:00+00:00,,,-0.0181452850062358,
2020-11-11 15:00:00+00:00,0.022228624224841287,,,
2020-11-14 09:00:00+00:00,,,,-0.002911002607059787
2020-11-14 10:00:00+00:00,,,0.009183434816539604,
2020-11-14 16:00:00+00:00,0.017980000000000107,,,
2020-11-16 14:00:00+00:00,0.017980000000000107,,,
2020-11-17 20:00:00+00:00,,0.05744892438976468,,
2020-11-18 05:00:00+00:00,,,,0.06633904074980101
2020-11-20 14:00:00+00:00,,0.050240399692538684,,
2020-11-21 05:00:00+00:00,0.12730582310030392,,,
2020-11-22 10:00:00+00:00,,,,-0.024187041741486004
2020-11-22 11:00:00+00:00,,,0.11721858590611989,
2020-11-22 12:00:00+00:00,-0.042741014044275216,,,
2020-11-22 16:00:00+00:00,0.017980000000000107,,,
2020-11-24 09:00:00+00:00,0.017980000000000107,,,
2020-11-24 14:00:00+00:00,0.017979999999999885,,,
2020-11-25 04:00:00+00:00,-0.031970000000000054,,,
2020-11-26 02:00:00+00:00,,,,-0.0272483659235232
2020-11-26 03:00:00+00:00,-0.031970000000000165,,-0.04237874953392373,
2020-12-01 12:00:00+00:00,,,,0.04351402317883579
2020-12-02 04:00:00+00:00,,,0.05140542040749807,
2020-12-03 14:00:00+00:00,0.06057342085800044,,,
2020-12-04 13:00:00+00:00,,,-0.018769149081302894,
2020-12-06 23:00:00+00:00,0.017980000000000107,,,
2020-12-07 20:00:00+00:00,,,-0.02284666598524432,
2020-12-08 22:00:00+00:00,-0.031970000000000054,,,
2020-12-12 22:00:00+00:00,0.02011340226376923,,,
2020-12-16 08:00:00+00:00,0.03046379210540162,,,
2020-12-18 00:00:00+00:00,,0.10187369594494156,,
2020-12-20 13:00:00+00:00,0.1834006646065447,,,
2020-12-21 10:00:00+00:00,-0.031970000000000054,,,0.22720605078214717
2020-12-21 12:00:00+00:00,,,0.22151869923971024,
2020-12-23 00:00:00+00:00,0.017979999999999885,,,
2020-12-24 01:00:00+00:00,,,-0.04033113499362162,
2020-12-27 20:00:00+00:00,,,,0.08801898131944852
2020-12-31 00:00:00+00:00,,0.08836026326557644,,
2021-01-02 20:00:00+00:00,,,,0.0921304342526712
2021-01-04 07:00:00+00:00,,,,-0.05016888444332257
2021-01-05 14:00:00+00:00,0.1609437603194872,,,
2021-01-05 19:00:00+00:00,0.04795000000000016,,,
2021-01-05 22:00:00+00:00,,0.08455984114940152,,
2021-01-10 16:00:00+00:00,0.17524453697712916,,,
2021-01-10 17:00:00+00:00,,,,0.1018865846546142
2021-01-11 16:00:00+00:00,,-0.1830645437560916,,
2021-01-15 15:00:00+00:00,,,,-0.05037276901850418
2021-01-15 19:00:00+00:00,-0.05588063754843631,,,
2021-01-15 20:00:00+00:00,,,-0.05953835047033307,
2021-01-17 07:00:00+00:00,-0.031970000000000054,,,
2021-01-20 03:00:00+00:00,-0.031970000000000054,,,
2021-01-20 04:00:00+00:00,,,,-0.07546028974153074
2021-01-20 09:00:00+00:00,,,-0.04601720424892075,
2021-01-20 10:00:00+00:00,-0.03196999999999994,,,
2021-01-24 19:00:00+00:00,-0.031970000000000054,,,
2021-01-25 19:00:00+00:00,0.053094952719350275,,,
2021-01-25 21:00:00+00:00,,,,-0.05052233820657592
2021-01-26 08:00:00+00:00,,,-0.05725272374017132,
2021-01-27 03:00:00+00:00,-0.031970000000000054,,,
2021-01-29 08:00:00+00:00,-0.037916299443645496,,,
2021-01-29 19:00:00+00:00,,,,0.00919698777960587
2021-01-31 17:00:00+00:00,-0.09387556048302725,,,
2021-01-31 19:00:00+00:00,,,-0.0059385989980346165,
2021-02-07 02:00:00+00:00,0.1422482482604075,,,0.10263589970877018
2021-02-10 15:00:00+00:00,,,,0.0760092974493971
2021-02-12 00:00:00+00:00,,0.10588093502396845,,
2021-02-12 05:00:00+00:00,0.21777540557009,,,
2021-02-15 02:00:00+00:00,-0.031970000000000054,,,-0.02969773620180316
2021-02-17 06:00:00+00:00,0.04795000000000016,,,
2021-02-20 22:00:00+00:00,,,,0.09141378375960718
2021-02-22 09:00:00+00:00,,,,-0.0490587725533671
2021-02-22 13:00:00+00:00,,,0.5196404664285392,
2021-02-22 14:00:00+00:00,-0.031970000000000054,-0.09685791375005492,,
2021-02-26 21:00:00+00:00,-0.03196999999999994,,,
2021-03-01 11:00:00+00:00,0.026568001465484103,,,
2021-03-01 17:00:00+00:00,0.026201269340490274,,,
2021-03-04 09:00:00+00:00,,,,0.009397499739233206
2021-03-04 16:00:00+00:00,0.017979999999999885,,0.03338147939689562,
2021-03-06 12:00:00+00:00,-0.031970000000000054,,,
2021-03-12 14:00:00+00:00,0.09821142684516126,,,
2021-03-15 06:00:00+00:00,,,,0.15121258798937043
2021-03-15 07:00:00+00:00,,-0.06398553938804696,,
2021-03-15 08:00:00+00:00,0.02586569095504876,,0.1668078737070704,
2021-03-15 10:00:00+00:00,-0.03462826001931163,,,
2021-03-16 00:00:00+00:00,-0.03196999999999994,,,
2021-03-19 00:00:00+00:00,,,,-0.05572959863145466
2021-03-21 03:00:00+00:00,,,-0.024004362706548266,
2021-03-21 09:00:00+00:00,-0.031970000000000054,,,
2021-03-31 08:00:00+00:00,,,,0.01886321901759347
2021-04-01 10:00:00+00:00,0.05096394207315491,,,
2021-04-03 18:00:00+00:00,,,0.0557832470310633,-0.029114856488850815
2021-04-03 22:00:00+00:00,-0.031970000000000054,,,
2021-04-06 16:00:00+00:00,,,-0.022091163644701872,
2021-04-10 20:00:00+00:00,,,,0.0018801190455177696
2021-04-13 05:00:00+00:00,0.020869416422559794,,,
2021-04-14 18:00:00+00:00,,,,0.008365541953491595
2021-04-16 06:00:00+00:00,,,0.058012254870010604,
2021-04-16 09:00:00+00:00,-0.031970000000000054,-0.04711315977508257,,
2021-04-21 22:00:00+00:00,-0.031970000000000054,,,
2021-04-29 12:00:00+00:00,0.03620573307839403,,,
2021-04-29 14:00:00+00:00,,,0.012636320910872412,
2021-04-29 15:00:00+00:00,,,,0.02250191211917074
2021-05-02 09:00:00+00:00,,,,-0.008544134254609426
2021-05-02 23:00:00+00:00,,,0.005675840570315449,
2021-05-03 16:00:00+00:00,0.02797000000000005,,,
2021-05-03 21:00:00+00:00,,,,-0.03581494940255958
2021-05-04 00:00:00+00:00,-0.05195000000000005,,,
2021-05-04 01:00:00+00:00,,,-0.04564607223302952,
2021-05-07 01:00:00+00:00,,,-0.015283214762521147,
2021-05-09 13:00:00+00:00,,,-0.03098784480385408,
2021-05-10 15:00:00+00:00,,,-0.03599956470689025,
2021-05-10 18:00:00+00:00,,,,-0.035273102241570986
2021-05-10 20:00:00+00:00,-0.05195000000000005,,,
2021-05-13 00:00:00+00:00,,-0.16074058665039714,,
2021-05-23 07:00:00+00:00,-0.05195000000000005,,,
2021-05-25 22:00:00+00:00,0.02797000000000005,,,
2021-05-26 02:00:00+00:00,0.02797000000000005,,,
2021-05-27 04:00:00+00:00,,,0.005124555306845524,
2021-05-28 04:00:00+00:00,-0.05195000000000005,,,-0.04176088406679446
2021-06-01 20:00:00+00:00,,,-0.028685112155570902,
2021-06-04 05:00:00+00:00,,,,-0.004400413321470675
2021-06-04 07:00:00+00:00,,,-0.015240108400502383,
2021-06-05 21:00:00+00:00,-0.05195000000000005,,,
2021-06-12 02:00:00+00:00,,,,-0.03450766561647722
2021-06-12 04:00:00+00:00,,,-0.027056575281421136,
2021-06-13 03:00:00+00:00,-0.05195000000000005,,,
2021-06-16 11:00:00+00:00,,,,0.03473953437263755
2021-06-16 15:00:00+00:00,,,0.02967453545816734,
2021-06-16 21:00:00+00:00,0.03107573833780153,,,
2021-06-22 12:00:00+00:00,,-0.18000914490875297,,
2021-06-25 17:00:00+00:00,-0.040725148319398,,,
2021-06-28 10:00:00+00:00,-0.03196999999999994,,,
2021-06-30 23:00:00+00:00,0.02797000000000005,,,
2021-07-05 12:00:00+00:00,-0.053813544763623655,,,
2021-07-06 08:00:00+00:00,0.02797000000000005,,,
2021-07-12 15:00:00+00:00,,-0.08170487639194035,,
2021-07-13 12:00:00+00:00,-0.03196999999999994,,,
2021-07-26 21:00:00+00:00,,,,0.006316117079325112
2021-07-27 02:00:00+00:00,,0.12771213966060402,,
2021-07-29 09:00:00+00:00,,0.08248972587671566,,
2021-07-29 17:00:00+00:00,0.2351884016671819,,,
2021-07-30 09:00:00+00:00,,,0.14803493527468659,
2021-08-01 22:00:00+00:00,,,,-0.01460825322850312
2021-08-03 03:00:00+00:00,-0.03196999999999994,,,
2021-08-09 16:00:00+00:00,,0.08489862125494407,,
2021-08-12 06:00:00+00:00,,,0.05195787087151782,
2021-08-12 10:00:00+00:00,0.1119250696440417,,,
2021-08-12 14:00:00+00:00,,,,0.03420310858214615
2021-08-15 07:00:00+00:00,,,,-0.024052417685530347
2021-08-17 20:00:00+00:00,-0.031970000000000054,,,
2021-08-22 20:00:00+00:00,,,-0.0025574286594761686,
2021-08-24 16:00:00+00:00,-0.031970000000000054,,,
2021-08-30 12:00:00+00:00,-0.031970000000000054,,,
2021-09-05 19:00:00+00:00,0.017980000000000107,,,
2021-09-06 14:00:00+00:00,0.017980000000000107,,,
2021-09-07 08:00:00+00:00,,,,0.012369073809486153
2021-09-07 13:00:00+00:00,,,-0.030823332795555713,
2021-09-07 14:00:00+00:00,-0.031970000000000054,,,
2021-09-07 15:00:00+00:00,,-0.09668842930605015,,
2021-09-17 14:00:00+00:00,0.017980000000000107,,,
2021-09-18 12:00:00+00:00,0.017980000000000107,,,
2021-09-19 22:00:00+00:00,-0.031970000000000054,,,
2021-09-24 10:00:00+00:00,-0.055252493826487226,,,
2021-09-25 08:00:00+00:00,-0.031970000000000054,,,
2021-09-27 23:00:00+00:00,-0.031970000000000054,,,
2021-09-29 20:00:00+00:00,-0.031970000000000054,,,
2021-10-04 11:00:00+00:00,0.08047241606143363,,,
2021-10-04 15:00:00+00:00,,,0.004718615588389374,
2021-10-04 21:00:00+00:00,0.017980000000000107,,,
2021-10-05 20:00:00+00:00,,0.0898659395089807,,
2021-10-09 15:00:00+00:00,0.11797961398827783,,,
2021-10-11 00:00:00+00:00,,,0.06569727785308532,
2021-10-11 03:00:00+00:00,,0.07123640771206707,,
2021-10-11 09:00:00+00:00,0.02610290109108604,,,
2021-10-12 18:00:00+00:00,,,-0.02936894653227884,
2021-10-12 19:00:00+00:00,,,,0.09371647159007468
2021-10-12 20:00:00+00:00,-0.031970000000000054,,,
2021-10-13 09:00:00+00:00,-0.03196999999999994,,,
2021-10-14 18:00:00+00:00,0.017980000000000107,,,
2021-10-17 19:00:00+00:00,,,,0.04233587948840123
2021-10-17 21:00:00+00:00,,,-0.03844123671106403,
2021-10-18 17:00:00+00:00,0.04422235500214855,,,
2021-10-20 13:00:00+00:00,,0.06225279228420644,,
2021-10-21 02:00:00+00:00,,,,0.016125017168058253
2021-10-21 16:00:00+00:00,0.017979999999999885,,-0.06032802040318297,
2021-10-26 21:00:00+00:00,-0.031970000000000054,,,
2021-10-26 22:00:00+00:00,,,-0.03250606351046559,
2021-10-31 09:00:00+00:00,,,-0.015781287504270658,
2021-10-31 10:00:00+00:00,-0.031970000000000054,,,
2021-11-03 01:00:00+00:00,0.01909191896139184,,,
2021-11-04 08:00:00+00:00,,,-0.018824113184334745,
2021-11-04 09:00:00+00:00,-0.03196999999999994,,,
2021-11-10 20:00:00+00:00,,,,-0.016382249650981007
2021-11-10 23:00:00+00:00,,,0.04936581995628431,
2021-11-11 01:00:00+00:00,0.03793567652563423,,,
2021-11-15 16:00:00+00:00,-0.031970000000000054,,,
2021-11-15 19:00:00+00:00,,,-0.030362784182394353,
2021-11-16 10:00:00+00:00,,-0.0983026876578853,,
2021-11-22 01:00:00+00:00,-0.031970000000000054,,,
2021-11-22 03:00:00+00:00,,,-0.035857149819654155,
2021-11-22 13:00:00+00:00,0.017980000000000107,,,
2021-11-22 18:00:00+00:00,-0.031970000000000054,,,
2021-11-26 08:00:00+00:00,-0.031970000000000054,,,
2021-11-26 09:00:00+00:00,,,-0.06065792639389833,
2021-12-02 04:00:00+00:00,,,-0.027346245775825895,
2021-12-03 16:00:00+00:00,-0.031970000000000054,,,
2021-12-08 11:00:00+00:00,-0.034390524271065925,,-0.035758519478449435,
2021-12-09 12:00:00+00:00,-0.03293577130435443,,,
2021-12-09 18:00:00+00:00,-0.031970000000000054,,,
2021-12-13 10:00:00+00:00,,,-0.020780917445637037,
2021-12-13 13:00:00+00:00,-0.03196999999999994,,,
2021-12-16 22:00:00+00:00,,,-0.021100952719735555,
2021-12-17 07:00:00+00:00,-0.031970000000000054,,,
2021-12-23 18:00:00+00:00,0.04794999999999994,,,
2021-12-26 03:00:00+00:00,,,-0.017923258446989943,
2021-12-28 04:00:00+00:00,,,,-0.006857386770447893
2021-12-28 17:00:00+00:00,-0.05195000000000005,,,
2022-01-04 18:00:00+00:00,,-0.10920252345887405,,
2022-01-17 05:00:00+00:00,,,,-0.0466999390683398
2022-02-01 09:00:00+00:00,0.04794999999999994,,,
2022-02-02 21:00:00+00:00,,,,-0.05812084253432703
2022-02-05 05:00:00+00:00,0.09033006676972977,,,
2022-02-08 05:00:00+00:00,,0.06819567629102807,,
2022-02-11 01:00:00+00:00,,,0.05740883823813214,
2022-02-11 19:00:00+00:00,,,,0.07052564019544438
2022-02-17 10:00:00+00:00,,,-0.025131095830557837,
2022-02-17 15:00:00+00:00,-0.05195000000000005,,,
2022-02-25 08:00:00+00:00,0.05480928478876557,0.029235489276139504,,
2022-02-27 20:00:00+00:00,,,-0.0465588123879096,
2022-03-01 04:00:00+00:00,,0.05483844515708047,,
2022-03-01 09:00:00+00:00,0.08995425367664689,,,
2022-03-03 15:00:00+00:00,,,,-0.041716986633875464
2022-03-03 17:00:00+00:00,,,0.010127524095592033,
2022-03-10 05:00:00+00:00,-0.05195000000000005,-0.050705778456575645,,
2022-03-10 08:00:00+00:00,,,-0.05870045432692306,
2022-03-20 17:00:00+00:00,,,-0.015612220842472158,
2022-03-22 04:00:00+00:00,0.04794999999999994,,,
2022-03-24 10:00:00+00:00,,-0.001268460948514627,,
2022-03-27 20:00:00+00:00,0.04795000000000016,,,
2022-03-28 13:00:00+00:00,,0.02339245626227693,,
2022-03-30 01:00:00+00:00,,,,0.09147636971104234
2022-03-31 00:00:00+00:00,,,0.09294230300351303,
2022-04-01 02:00:00+00:00,-0.05195000000000005,,,
2022-04-02 00:00:00+00:00,,0.0178128255444443,,
2022-04-02 18:00:00+00:00,,-0.028612510906811717,,
2022-04-06 13:00:00+00:00,-0.05195000000000005,,,
2022-04-14 15:00:00+00:00,,-0.03047634122366849,,
2022-04-19 14:00:00+00:00,,0.018646856392275923,,
2022-04-26 15:00:00+00:00,,-0.027191993339562903,,
2022-05-05 15:00:00+00:00,,,-0.04129130608156417,
2022-05-11 12:00:00+00:00,-0.031970000000000054,,,
2022-05-12 02:00:00+00:00,-0.031970000000000054,,,
2022-05-13 02:00:00+00:00,0.04794999999999994,,,
2022-05-13 23:00:00+00:00,-0.031970000000000054,,,
2022-05-30 20:00:00+00:00,,0.021950920665873452,,
2022-06-01 15:00:00+00:00,,,,-0.0012977333321027018
2022-06-01 16:00:00+00:00,,,-0.0006962005073198885,
2022-06-06 13:00:00+00:00,,0.020023816823143692,,
2022-06-07 00:00:00+00:00,-0.03196999999999994,,,
2022-06-07 02:00:00+00:00,,,-0.05648748826110184,
2022-06-08 03:00:00+00:00,-0.031970000000000054,-0.03566226221993285,,
2022-06-14 11:00:00+00:00,-0.03196999999999994,,,
2022-06-15 17:00:00+00:00,-0.03196999999999994,,,
2022-06-16 10:00:00+00:00,-0.031970000000000054,,,
2022-06-16 20:00:00+00:00,,-0.06830720331383677,,
2022-06-19 02:00:00+00:00,-0.03880179935080774,,,
2022-06-19 13:00:00+00:00,0.017980000000000107,,,
2022-06-19 20:00:00+00:00,0.017980000000000107,,,
2022-06-20 01:00:00+00:00,-0.031970000000000054,,,
2022-06-27 01:00:00+00:00,,,,-0.03778209490665896
2022-06-27 15:00:00+00:00,,0.006761799231375987,,
2022-07-01 05:00:00+00:00,-0.03196999999999994,,,
2022-07-06 03:00:00+00:00,-0.03196999999999994,,,
2022-07-08 01:00:00+00:00,0.017980000000000107,,,
2022-07-08 12:00:00+00:00,,-0.04296726516662486,,0.016722425818403996
2022-07-11 03:00:00+00:00,,,-0.0001728136758869514,
2022-07-15 19:00:00+00:00,0.017979999999999885,,,
2022-07-18 10:00:00+00:00,0.017980000000000107,,,
2022-07-18 19:00:00+00:00,,,,-0.010428013226962074
2022-07-19 19:00:00+00:00,0.017980000000000107,,,
2022-07-21 11:00:00+00:00,,,,-0.010658380940441359
2022-07-21 14:00:00+00:00,,-0.052081251500852854,,
2022-07-23 18:00:00+00:00,,,0.03887357748448572,
2022-07-28 00:00:00+00:00,0.017980000000000107,,,
2022-07-28 19:00:00+00:00,,0.054628557597762306,,
2022-07-30 13:00:00+00:00,0.017980000000000107,,,
2022-07-31 09:00:00+00:00,,,,-0.01015863558376473
2022-08-01 20:00:00+00:00,,,-0.016038108814588226,
2022-08-09 09:00:00+00:00,,,,-0.007699868363716611
2022-08-09 10:00:00+00:00,,-0.03180868706241713,,
2022-08-09 18:00:00+00:00,,,-0.046684869886042035,
2022-08-11 04:00:00+00:00,0.017979999999999885,,,
2022-08-12 00:00:00+00:00,,,,-0.02056526546622317
2022-08-14 17:00:00+00:00,,,,-0.029880895163281296
2022-08-15 03:00:00+00:00,,0.039928894487972544,,
2022-08-15 06:00:00+00:00,,,,-0.032930592694837335
2022-08-16 05:00:00+00:00,,,-0.0017935610053414486,
2022-09-09 08:00:00+00:00,0.017980000000000107,,,
2022-09-09 18:00:00+00:00,,0.04139171294759225,,
2022-09-13 13:00:00+00:00,,,,0.04477319010667635
2022-09-13 16:00:00+00:00,,,0.007587741908591461,
2022-09-20 17:00:00+00:00,,-0.04111358397589393,,
2022-09-27 16:00:00+00:00,-0.03196999999999994,-0.04240704185076971,,-0.026509196200240615
2022-09-28 00:00:00+00:00,,,-0.050302059119886056,
2022-09-29 14:00:00+00:00,,-0.041333098940625534,,
2022-10-05 14:00:00+00:00,,,,-0.02574102537416223
2022-10-07 07:00:00+00:00,,,-0.006272419048975686,
2022-10-14 01:00:00+00:00,0.017979999999999885,,,
2022-10-25 22:00:00+00:00,,,,0.013076310055742502
2022-10-26 08:00:00+00:00,0.017979999999999885,0.020491059621275287,,
2022-10-27 10:00:00+00:00,,,,0.0014190347302789341
2022-10-27 20:00:00+00:00,,-0.025692401150546162,,
2022-10-28 10:00:00+00:00,,,0.0330778639767928,
2022-10-29 10:00:00+00:00,,0.017626636473742296,,
2022-10-30 13:00:00+00:00,,,,-0.021124745451413407
2022-10-31 03:00:00+00:00,,,-0.025080414693215314,
2022-11-04 16:00:00+00:00,,-0.023500852210655343,,-0.019114740322697665
2022-11-06 23:00:00+00:00,,-0.024586338459464452,,-0.014417499933085165
2022-11-07 05:00:00+00:00,,,-0.015548890271806282,
2022-11-10 13:00:00+00:00,,0.0395200034056431,,
2022-11-10 20:00:00+00:00,0.017980000000000107,,,
2022-11-11 14:00:00+00:00,,-0.047671251770943446,,
2022-11-14 13:00:00+00:00,0.017980000000000107,,,
2022-12-01 21:00:00+00:00,,,,0.0009775751807463706
2022-12-04 01:00:00+00:00,,-0.002753313268106461,,
2022-12-05 15:00:00+00:00,,,,-0.01385530563797599
2022-12-05 23:00:00+00:00,,,0.0015578259012893891,
2022-12-12 00:00:00+00:00,,-0.019449292429898568,,
2022-12-12 01:00:00+00:00,,,-0.017577173973646776,
2022-12-13 17:00:00+00:00,,,,0.01713267493988746
2022-12-14 18:00:00+00:00,,0.015852343977625916,,
2022-12-14 19:00:00+00:00,,,,-0.0034342904161263066
2022-12-14 20:00:00+00:00,,-0.025536151213272018,,
2022-12-15 17:00:00+00:00,,,-0.021919745583134365,
2023-01-04 20:00:00+00:00,,,,-0.0016125282743357783
2023-01-06 13:00:00+00:00,,-0.011951704326249257,,
2023-01-08 23:00:00+00:00,,0.007459223394151282,,
2023-01-09 16:00:00+00:00,,0.007960972485676177,,
2023-01-09 20:00:00+00:00,,,,0.011389278145546022
2023-01-11 15:00:00+00:00,,,,-0.006260194095025207
2023-01-11 23:00:00+00:00,,0.008123475911546496,,
2023-01-12 08:00:00+00:00,,,,0.03005409799424208
2023-01-12 12:00:00+00:00,,0.01233866867001887,,
2023-01-12 17:00:00+00:00,0.017979999999999885,,,
2023-01-13 00:00:00+00:00,,,,0.017899478113542422
2023-01-13 15:00:00+00:00,0.017980000000000107,0.016227079049499604,,
2023-01-14 09:00:00+00:00,,,,0.07392654621219297
2023-01-14 10:00:00+00:00,-0.031970000000000054,,,
2023-01-14 11:00:00+00:00,,0.05647138962466869,,
2023-01-16 01:00:00+00:00,,0.024311903140371793,,
2023-01-16 08:00:00+00:00,,,,-0.024595674973343584
2023-01-17 01:00:00+00:00,,,,-0.025479340120968308
2023-01-18 15:00:00+00:00,,,,-0.024603506695439314
2023-01-18 16:00:00+00:00,,,0.22195546751603468,
2023-01-21 08:00:00+00:00,0.017980000000000107,,,
2023-01-21 09:00:00+00:00,,0.029567885664671945,,
2023-01-21 23:00:00+00:00,,,,0.04772618919329075
2023-01-22 22:00:00+00:00,,,-0.0016229998325719697,
2023-01-26 10:00:00+00:00,-0.03196999999999994,,,-0.0242150772646037
2023-01-30 09:00:00+00:00,,,,-0.021435078419227205
2023-01-30 11:00:00+00:00,,,-0.020287755063255086,
2023-02-02 21:00:00+00:00,,-0.030790081533359714,,-0.018409625813533004
2023-02-16 01:00:00+00:00,0.017980000000000107,,,
2023-02-16 09:00:00+00:00,,0.07551258512915249,,
2023-02-17 00:00:00+00:00,,,,0.016346063484093065
2023-02-20 01:00:00+00:00,,-0.022605637286785996,,
2023-02-22 02:00:00+00:00,,,,-0.056273825615758
2023-02-22 06:00:00+00:00,,,0.08170675064034572,
2023-03-03 04:00:00+00:00,,,-0.06325390472217152,
2023-03-12 22:00:00+00:00,0.017980000000000107,,,
2023-03-13 04:00:00+00:00,0.017979999999999885,,,
2023-03-13 09:00:00+00:00,,0.041852601566660264,,
2023-03-13 19:00:00+00:00,0.03087073040080668,,,
2023-03-14 03:00:00+00:00,,0.0347242697813952,,
2023-03-14 19:00:00+00:00,-0.05195000000000005,-0.03466749185233986,,
2023-03-17 21:00:00+00:00,,0.03752711892774352,,
2023-03-22 19:00:00+00:00,,,,0.186660942875007
2023-03-27 19:00:00+00:00,,,0.24594741100360884,
2023-04-02 13:00:00+00:00,,,,-0.022233675450586632
2023-04-03 03:00:00+00:00,,,-0.023193556895877765,
2023-04-11 06:00:00+00:00,,0.022255484588552088,,
2023-04-14 01:00:00+00:00,,0.02281093198976425,,
2023-04-19 08:00:00+00:00,,-0.029777663516601605,,
2023-04-19 10:00:00+00:00,,,-0.040783745298306195,
2023-04-19 21:00:00+00:00,-0.05195000000000005,,,
2023-04-26 19:00:00+00:00,,,,-0.04733865304703522
2023-04-26 20:00:00+00:00,,-0.03433969499398304,,
2023-04-26 21:00:00+00:00,0.02797000000000005,,,
2023-05-01 06:00:00+00:00,,,-0.01974606854557137,
2023-05-01 15:00:00+00:00,,-0.05110947694357104,,
2023-05-01 20:00:00+00:00,-0.05195000000000005,,,
2023-05-05 16:00:00+00:00,0.02797000000000005,,,
2023-05-06 21:00:00+00:00,,,-0.024532814738705055,
2023-05-08 01:00:00+00:00,-0.05195000000000005,,,
2023-05-11 17:00:00+00:00,-0.05195000000000005,,,
2023-05-15 17:00:00+00:00,0.02797000000000005,,,
2023-05-24 15:00:00+00:00,-0.05195000000000005,,,
2023-05-30 10:00:00+00:00,0.02797000000000005,,,
2023-05-31 04:00:00+00:00,,,,-0.004512998257843903
2023-05-31 12:00:00+00:00,,,-0.00460340297659223,
2023-05-31 14:00:00+00:00,,-0.026532432895285063,,
2023-06-10 04:00:00+00:00,,-0.029652954343280413,,
2023-06-21 01:00:00+00:00,0.017979999999999885,,,
2023-06-22 06:00:00+00:00,,0.07682092856814604,,
2023-06-23 15:00:00+00:00,0.017980000000000107,,,
2023-06-26 06:00:00+00:00,,,0.1440383329268049,
2023-06-30 20:00:00+00:00,,,-0.011565524359225199,
2023-07-04 12:00:00+00:00,,0.027461859964212465,,
2023-07-05 10:00:00+00:00,,,-0.01365663752677404,
2023-07-12 23:00:00+00:00,,,-0.011299098551869724,
2023-07-14 17:00:00+00:00,,-0.02264176817340413,,
2023-07-14 21:00:00+00:00,,,-0.03606667219111426,
2023-07-18 16:00:00+00:00,,,,0.15276872827957866
2023-07-24 09:00:00+00:00,,,,-0.02856280281196455
2023-08-01 02:00:00+00:00,,,,-0.017716373779706807
2023-08-02 13:00:00+00:00,,-0.017403169353033987,,
2023-08-02 20:00:00+00:00,,,-0.02409365009932629,
2023-08-10 17:00:00+00:00,,-0.01561643209007002,,
2023-08-10 19:00:00+00:00,,,-0.002089249058125353,
2023-08-18 16:00:00+00:00,-0.03196999999999994,,,
2023-08-22 21:00:00+00:00,-0.03196999999999994,,,
2023-08-29 14:00:00+00:00,0.04794999999999994,,,
2023-08-30 03:00:00+00:00,,,,0.015236161298176842
2023-08-30 14:00:00+00:00,,-0.03327383897008662,,
2023-08-31 16:00:00+00:00,-0.031970000000000054,,,
2023-09-08 10:00:00+00:00,,,,-0.013811613309615778
2023-09-11 14:00:00+00:00,-0.031970000000000054,,,
2023-09-17 01:00:00+00:00,,,,-0.0028913442195479533
2023-09-18 10:00:00+00:00,0.04795000000000016,0.03187625295125085,,
2023-09-18 17:00:00+00:00,,,,-0.0031031120135731616
2023-09-19 00:00:00+00:00,,,-0.020248482967638815,
2023-09-21 09:00:00+00:00,,,,-0.02356191115032058
2023-09-24 23:00:00+00:00,-0.03196999999999994,,,
2023-10-01 22:00:00+00:00,,0.022910370663904,,
2023-10-02 03:00:00+00:00,0.04794999999999994,,,
2023-10-02 18:00:00+00:00,,,,0.034734569942513005
2023-10-02 21:00:00+00:00,-0.03196999999999994,-0.0226028835090053,,
2023-10-03 00:00:00+00:00,,,-0.029779966648916245,
2023-10-11 02:00:00+00:00,-0.031970000000000054,,,
2023-10-16 13:00:00+00:00,0.017980000000000107,,,
2023-10-16 14:00:00+00:00,,,,0.0005034017185823192
2023-10-18 04:00:00+00:00,,0.0284700408496521,,
2023-10-18 15:00:00+00:00,,,0.004796770284560825,
2023-10-19 12:00:00+00:00,0.017980000000000107,,,
2023-10-22 22:00:00+00:00,,,0.015406684628043399,
2023-10-23 04:00:00+00:00,,0.03544327639135636,,
2023-10-23 09:00:00+00:00,0.04462176957712405,,,
2023-10-24 23:00:00+00:00,,0.09221016621705624,,
2023-10-26 16:00:00+00:00,,,0.08865069940600145,
2023-10-26 23:00:00+00:00,0.1099220250953643,,,
2023-10-29 00:00:00+00:00,,,,0.132845204474364
2023-11-04 20:00:00+00:00,,,,-0.013796167954188698
2023-11-09 16:00:00+00:00,,,,-0.010118510874527864
2023-11-11 22:00:00+00:00,,,0.009032829790654562,
2023-11-11 23:00:00+00:00,0.017979999999999885,,,
2023-11-13 21:00:00+00:00,-0.02198000000000011,,,
2023-11-14 15:00:00+00:00,,-0.02405314535343195,,
2023-11-16 18:00:00+00:00,,-0.03267988261195365,,
2023-11-16 19:00:00+00:00,,,,-0.05825394947226992
2023-11-26 12:00:00+00:00,,,,-0.00953521884917874
2023-11-27 11:00:00+00:00,-0.02197999999999989,,,
2023-12-02 19:00:00+00:00,0.017980000000000107,0.040625842154457636,,
2023-12-05 15:00:00+00:00,,0.032258164291252944,,
2023-12-07 11:00:00+00:00,0.09212802387824048,,,
2023-12-07 14:00:00+00:00,,,0.09388292506219731,
2023-12-08 20:00:00+00:00,0.017979999999999885,,,
2023-12-14 12:00:00+00:00,0.04794999999999994,,,
2023-12-14 13:00:00+00:00,,-0.030746927825202164,,
2023-12-18 01:00:00+00:00,-0.05195000000000005,,,
2023-12-19 17:00:00+00:00,,-0.030474036808628924,,-0.03636297767498042
2023-12-20 13:00:00+00:00,0.04794999999999994,,,
2023-12-24 22:00:00+00:00,,-0.029772624838307005,,-0.021935807773441285
2023-12-29 22:00:00+00:00,-0.05195000000000005,,,
2024-01-02 05:00:00+00:00,0.06742398147339368,,,
2024-01-03 11:00:00+00:00,,,,0.011605381873735165
2024-01-03 12:00:00+00:00,-0.05195000000000005,-0.025469904823069656,-0.03889802344522664,
2024-01-08 16:00:00+00:00,0.049722869803266345,,,
2024-01-09 21:00:00+00:00,0.04795000000000016,-0.04051467710740786,,
2024-01-10 01:00:00+00:00,,,-0.027786034452760178,
2024-01-10 11:00:00+00:00,,,,-0.016590458413627718
2024-01-11 16:00:00+00:00,,-0.042425335155378385,,
2024-01-12 14:00:00+00:00,,,,-0.05308563025184865
2024-01-12 16:00:00+00:00,-0.05195000000000005,,,
2024-01-18 19:00:00+00:00,-0.05194999999999994,,,
2024-01-23 09:00:00+00:00,-0.05195000000000005,,,
2024-01-26 16:00:00+00:00,0.049323182283354416,,,
2024-01-28 23:00:00+00:00,,,-0.007473490460359944,
2024-01-31 21:00:00+00:00,,,,0.002068335902270624
2024-02-07 18:00:00+00:00,,0.03463439252737355,,
2024-02-08 04:00:00+00:00,0.05941991270496638,,,
2024-02-12 15:00:00+00:00,0.017980000000000107,,,
2024-02-13 15:00:00+00:00,-0.02652841210950807,,,
2024-02-14 08:00:00+00:00,0.017979999999999885,,,
2024-02-15 21:00:00+00:00,0.017980000000000107,,,
2024-02-16 19:00:00+00:00,,,-0.0008668295816961491,
2024-02-17 13:00:00+00:00,-0.02198,,,
2024-02-20 13:00:00+00:00,,0.05761974150007676,,
2024-03-01 16:00:00+00:00,,0.12225148558099086,,
2024-03-02 10:00:00+00:00,,,0.12963615284623486,
2024-03-02 14:00:00+00:00,0.15540978340735645,,,
2024-03-04 17:00:00+00:00,,0.08598069429656041,,
2024-03-05 19:00:00+00:00,-0.02198000000000011,-0.0917170637991992,-0.021920543774579637,
2024-03-07 03:00:00+00:00,0.021087505612697788,,,
2024-03-10 12:00:00+00:00,0.017980000000000107,,,
2024-03-10 22:00:00+00:00,-0.02198000000000011,,,
2024-03-12 17:00:00+00:00,-0.02198,,,
2024-03-12 18:00:00+00:00,,,-0.02113838571180815,
2024-03-14 08:00:00+00:00,0.027951359882294247,,,
2024-03-20 04:00:00+00:00,,-0.10840578397818057,,
2024-03-23 14:00:00+00:00,0.017980000000000107,,,
2024-03-23 23:00:00+00:00,-0.02198,,,
2024-03-27 16:00:00+00:00,,,-0.02023320273094731,
2024-03-27 19:00:00+00:00,0.02290317040150347,,,
2024-03-28 06:00:00+00:00,0.017980000000000107,,,
2024-04-01 06:00:00+00:00,-0.02198,,,
2024-04-02 02:00:00+00:00,,,,0.023238382581133976
2024-04-07 14:00:00+00:00,0.017979999999999885,,,
2024-04-19 23:00:00+00:00,-0.02198,,,
2024-04-22 07:00:00+00:00,0.03494851219192885,,,
2024-04-24 14:00:00+00:00,-0.02198000000000011,,,
2024-04-25 01:00:00+00:00,,,-0.007979756259046011,
2024-04-30 10:00:00+00:00,,,,-0.06411031346916285
2024-05-06 14:00:00+00:00,0.02797000000000005,,,
2024-05-08 21:00:00+00:00,,,-0.02312337394648234,
2024-05-14 06:00:00+00:00,-0.02198,,,
2024-05-18 15:00:00+00:00,0.04557166733299289,,,
2024-05-20 23:00:00+00:00,,0.1196711648497748,,
2024-05-23 13:00:00+00:00,-0.02198,,,
2024-05-24 01:00:00+00:00,,,0.07926180342666567,
2024-05-31 16:00:00+00:00,,,,0.12588013440359247
2024-06-07 18:00:00+00:00,-0.02197999999999989,,,
2024-06-17 02:00:00+00:00,,,,-0.023249961939112218
2024-06-23 11:00:00+00:00,,,,-0.04255678284271158
2024-07-02 08:00:00+00:00,-0.02198000000000011,,,
2024-07-03 08:00:00+00:00,,,-0.03226982886162155,
2024-07-04 01:00:00+00:00,,-0.06704176313366583,,-0.051531557780419734
2024-07-08 14:00:00+00:00,-0.02198,,,
2024-07-18 03:00:00+00:00,0.1206013124667158,,,
2024-07-20 17:00:00+00:00,,0.09819145220125303,,
2024-07-23 13:00:00+00:00,-0.02198000000000011,,,
2024-07-25 03:00:00+00:00,,,0.08180617598560924,
2024-07-27 20:00:00+00:00,-0.02198,,,
2024-07-28 00:00:00+00:00,-0.02198000000000011,,,
2024-07-29 17:00:00+00:00,-0.02198,,,
2024-07-30 11:00:00+00:00,,,-0.02121836416161471,
2024-08-01 15:00:00+00:00,,-0.08203087318688018,,0.09759899876627309
2024-08-04 17:00:00+00:00,,,,-0.12384998983422757
2024-08-11 16:00:00+00:00,0.05525593848913268,,,
2024-08-11 19:00:00+00:00,,,,0.03126222463959216
2024-08-12 08:00:00+00:00,,,-0.014440731659533634,
2024-08-15 08:00:00+00:00,,,-0.05474792909524917,
2024-08-15 18:00:00+00:00,-0.031970000000000054,,,-0.06402180430064541
2024-08-20 00:00:00+00:00,0.017980000000000107,,,
2024-08-20 16:00:00+00:00,-0.031970000000000054,,,
2024-08-23 21:00:00+00:00,,0.11077585835139403,,
2024-08-26 18:00:00+00:00,0.02730313464349532,,,
2024-08-27 00:00:00+00:00,,,,0.04631439187777531
2024-08-27 14:00:00+00:00,,,0.01884187471826193,
2024-09-04 01:00:00+00:00,,,,-0.0430249547948206
2024-09-12 22:00:00+00:00,0.043725911733274,,,
2024-09-15 23:00:00+00:00,,,,0.05205772499972694
2024-09-16 17:00:00+00:00,,,0.004184993560966133,
2024-09-17 11:00:00+00:00,0.017980000000000107,,,
2024-09-18 16:00:00+00:00,-0.031970000000000054,,,
2024-09-22 01:00:00+00:00,0.03991485674002604,,,
2024-09-27 23:00:00+00:00,0.017980000000000107,,,
2024-09-30 01:00:00+00:00,,,,0.07114949435844498
2024-09-30 09:00:00+00:00,-0.031970000000000054,,,
2024-09-30 11:00:00+00:00,,,0.05318882120052093,
2024-10-07 23:00:00+00:00,,-0.024142384324091548,,
2024-10-09 21:00:00+00:00,,,-0.03727239268877669,
2024-10-14 03:00:00+00:00,,0.027673053416071625,,
2024-10-14 22:00:00+00:00,,0.029593175957589812,,
2024-10-17 15:00:00+00:00,0.06217460392959673,,,
2024-10-18 14:00:00+00:00,,0.029821464144375254,,
2024-10-21 02:00:00+00:00,0.021946941049704183,,,
2024-10-21 13:00:00+00:00,,,,0.07796765258362237
2024-10-21 15:00:00+00:00,-0.03196999999999994,,,
2024-10-22 09:00:00+00:00,,,0.06308553913342796,
2024-10-25 23:00:00+00:00,,-0.027077626286731715,,-0.032467065420176966
2024-10-28 07:00:00+00:00,0.017980000000000107,,,
2024-10-29 15:00:00+00:00,,0.026385656791501066,,
2024-10-31 14:00:00+00:00,,-0.020790618531817406,,
2024-10-31 16:00:00+00:00,,,,0.021334605392103745
2024-10-31 21:00:00+00:00,0.017980000000000107,,,
2024-11-01 07:00:00+00:00,,,0.010837558925636204,
2024-11-01 16:00:00+00:00,,-0.027432955250410673,,
2024-11-04 16:00:00+00:00,,-0.024026261151497863,,
2024-11-06 00:00:00+00:00,,0.02612797368860642,,
2024-11-06 15:00:00+00:00,,0.0337462440589158,,
2024-11-09 19:00:00+00:00,0.07191748174968415,,,
2024-11-10 04:00:00+00:00,,0.03203396039436468,,
2024-11-11 10:00:00+00:00,,0.033458871242729504,,
2024-11-12 09:00:00+00:00,,0.06004233511655377,,
2024-11-13 21:00:00+00:00,,-0.03579366489520486,,
2024-11-14 21:00:00+00:00,0.13740390648198497,,,
2024-11-15 20:00:00+00:00,0.017980000000000107,,,
2024-11-20 10:00:00+00:00,0.017979999999999885,,,
2024-11-21 03:00:00+00:00,,0.043767421037733234,,
2024-11-24 05:00:00+00:00,0.05037894348644123,,,
2024-11-24 16:00:00+00:00,,,,0.3734579187040854
2024-11-25 21:00:00+00:00,,-0.0381257138711909,,
2024-11-25 23:00:00+00:00,,,0.26748621633810377,
2024-12-01 23:00:00+00:00,0.01803943405121422,,,
2024-12-02 08:00:00+00:00,,,,-0.02197922418510634
2024-12-02 17:00:00+00:00,-0.031970000000000054,,,
2024-12-03 17:00:00+00:00,,-0.0066418435263091435,,
2024-12-05 22:00:00+00:00,,-0.09101286954606758,,
2024-12-05 23:00:00+00:00,-0.04797120047281833,,,
2024-12-07 21:00:00+00:00,0.02035049957000923,,,
2024-12-09 20:00:00+00:00,-0.03196999999999994,,,
2024-12-18 05:00:00+00:00,0.01804607297418892,,,
2024-12-18 20:00:00+00:00,-0.031970000000000054,,,0.012406486088361923
2024-12-19 01:00:00+00:00,,,-0.005736709826544395,
2024-12-23 15:00:00+00:00,-0.03196999999999994,,,
2024-12-26 10:00:00+00:00,-0.031970000000000054,,,
2024-12-27 07:00:00+00:00,,,,-0.03562174126476747
2024-12-27 20:00:00+00:00,,,-0.03787369412962727,
2024-12-29 21:00:00+00:00,-0.03196999999999994,,,
2025-01-03 15:00:00+00:00,0.017979999999999885,,,
2025-01-07 15:00:00+00:00,0.023182910390093125,,,0.029298674647400436
2025-01-08 04:00:00+00:00,,,0.0018983338533540284,
2025-01-13 10:00:00+00:00,-0.031970000000000054,,,-0.03791861386947504
2025-01-17 15:00:00+00:00,,0.046168592757617644,,
2025-01-19 23:00:00+00:00,,,,0.04070962534674383
2025-01-20 00:00:00+00:00,0.040898232935290046,,,
2025-01-20 06:00:00+00:00,,0.04849862064993582,,
2025-01-20 16:00:00+00:00,-0.031970000000000054,,,
2025-01-23 03:00:00+00:00,-0.035100723656717014,,,
2025-01-23 04:00:00+00:00,,,,-0.04628182035941475
2025-01-23 20:00:00+00:00,-0.031970000000000054,,,
2025-01-24 12:00:00+00:00,0.017980000000000107,,,
2025-01-26 23:00:00+00:00,-0.031970000000000054,,,
2025-01-27 04:00:00+00:00,,,0.04898975719809928,
2025-02-01 09:00:00+00:00,,,,-0.03192352079181204
2025-02-01 10:00:00+00:00,,,-0.038009480555186825,
2025-02-01 22:00:00+00:00,-0.03196999999999994,,,
2025-02-07 14:00:00+00:00,0.017980000000000107,,,
2025-02-09 21:00:00+00:00,,-0.06287188722046821,,
2025-02-11 18:00:00+00:00,-0.031970000000000054,,,
2025-02-12 13:00:00+00:00,,,,-0.04036432859452399
2025-02-16 23:00:00+00:00,,,,-0.019751654638279992
2025-02-18 16:00:00+00:00,-0.031970000000000054,,,
2025-02-21 09:00:00+00:00,,0.023599214114955025,,
2025-02-21 19:00:00+00:00,,,,-0.01151506993650353
2025-02-21 23:00:00+00:00,,,-0.019803322700800097,
2025-02-24 14:00:00+00:00,-0.031970000000000054,,,
2025-03-02 15:00:00+00:00,0.017980000000000107,,,
2025-03-02 16:00:00+00:00,,0.047931904933549596,,
2025-03-03 18:00:00+00:00,,,,0.0019325565893064667
2025-03-04 01:00:00+00:00,,-0.07748762771409923,,
2025-03-04 02:00:00+00:00,-0.04824642814658919,,-0.11032903088802293,
2025-03-05 17:00:00+00:00,0.017980000000000107,,,
2025-03-07 01:00:00+00:00,-0.03582051850620993,,,
2025-03-07 21:00:00+00:00,-0.031970000000000054,,,
2025-03-08 03:00:00+00:00,,,-0.061160569693669675,
2025-03-09 22:00:00+00:00,,-0.10141461505827343,,
2025-03-13 16:00:00+00:00,-0.03312717003890553,,,
2025-03-14 09:00:00+00:00,0.01920981841912761,,,
2025-03-16 22:00:00+00:00,,,,-0.028775064766757952
2025-03-17 00:00:00+00:00,,,-0.021353048406766217,
2025-03-19 13:00:00+00:00,,0.003611513797573185,,
2025-03-19 18:00:00+00:00,0.017980000000000107,,,
2025-03-22 12:00:00+00:00,,,,-0.01022411395364975
2025-03-24 23:00:00+00:00,,0.03798142169479046,,
2025-03-26 20:00:00+00:00,0.017980000000000107,,,
2025-03-28 07:00:00+00:00,,,0.002275191906647711,-0.00124778578235063
2025-03-28 14:00:00+00:00,-0.031970000000000054,,,
2025-04-02 15:00:00+00:00,,0.027019981009559935,,
2025-04-02 23:00:00+00:00,,,,-0.019880919857523605
2025-04-03 13:00:00+00:00,,,-0.039290804481039276,
2025-04-03 14:00:00+00:00,-0.031970000000000054,,,
2025-04-09 01:00:00+00:00,-0.05195000000000005,,,
2025-04-10 06:00:00+00:00,0.05534322340659248,,,
2025-04-11 17:00:00+00:00,,0.05245160653729419,,
2025-04-12 14:00:00+00:00,0.04795000000000016,,,
2025-04-16 01:00:00+00:00,,,0.009481885553064506,
2025-04-20 10:00:00+00:00,,,,0.02376764370626505
2025-04-22 12:00:00+00:00,0.04794999999999994,,,
2025-04-22 13:00:00+00:00,,0.02779925343952705,,
2025-04-23 14:00:00+00:00,,0.028823627800651064,,
2025-04-25 12:00:00+00:00,0.04795000000000016,,,
2025-04-30 13:00:00+00:00,,,,0.08607339320779284
2025-05-01 11:00:00+00:00,,0.024961833362113328,,
2025-05-04 10:00:00+00:00,,,0.09102393821350674,-0.005507212531301042
2025-05-08 02:00:00+00:00,,0.025222043597575627,,
2025-05-08 15:00:00+00:00,0.04795000000000016,,,
2025-05-09 16:00:00+00:00,,0.03571408550379673,,
2025-05-12 18:00:00+00:00,,,,0.06006083142619545
2025-05-12 20:00:00+00:00,,,0.048108911280004385,
2025-05-18 20:00:00+00:00,,,,-0.010240297935721787
2025-05-18 23:00:00+00:00,0.04794999999999994,,,
2025-05-19 04:00:00+00:00,,,,-0.029108238043165646
2025-05-19 06:00:00+00:00,,-0.03676573169667685,,
2025-05-21 23:00:00+00:00,,0.0290048232452238,,
2025-05-22 03:00:00+00:00,0.04794999999999994,,,
2025-05-23 12:00:00+00:00,,,,0.0055013284224751935
2025-05-24 00:00:00+00:00,,,0.0121235358698768,
2025-05-27 01:00:00+00:00,,,,-0.02600178027680189
2025-05-28 14:00:00+00:00,,,,-0.027798071560471316
2025-05-29 17:00:00+00:00,-0.05195000000000005,-0.052006970425565346,,
2025-06-05 20:00:00+00:00,,,,-0.04608151341272726
2025-06-09 10:00:00+00:00,,0.024836287210231456,,
2025-06-12 06:00:00+00:00,,,0.016723629251102157,
2025-06-12 20:00:00+00:00,,-0.03634249304646353,,
2025-06-13 00:00:00+00:00,-0.05195000000000005,,,-0.009967002550485549
2025-06-17 14:00:00+00:00,,-0.03322056290167774,,
2025-06-17 15:00:00+00:00,,,-0.020580291559838537,
2025-06-20 17:00:00+00:00,,,,-0.031232267390208235
2025-06-22 14:00:00+00:00,-0.05194999999999994,,,
2025-06-24 16:00:00+00:00,0.04794999999999994,,,
2025-06-25 01:00:00+00:00,,0.032762884653553925,,
2025-07-01 10:00:00+00:00,,,0.008993626071595928,
2025-07-03 09:00:00+00:00,,0.017219181399396932,,
2025-07-04 18:00:00+00:00,,,-0.013482263028719577,
2025-07-10 20:00:00+00:00,,0.02852741072376319,,
2025-07-10 21:00:00+00:00,0.04955859934497875,,,
2025-07-11 22:00:00+00:00,,0.0343255650825125,,
2025-07-14 09:00:00+00:00,0.05020512802243471,,,
2025-07-15 03:00:00+00:00,,-0.03845718921206487,,0.12251295501693238
2025-07-15 07:00:00+00:00,,,0.05060828766833203,
2025-07-29 22:00:00+00:00,,,-0.017787096565250127,
2025-08-01 00:00:00+00:00,,,,-0.04313906104250764
2025-08-01 08:00:00+00:00,,-0.035405688145482395,,
2025-08-11 11:00:00+00:00,,,,0.007039207475289411
2025-08-13 22:00:00+00:00,,0.025085563965870028,,
2025-08-14 00:00:00+00:00,0.017980000000000107,,,
2025-08-14 06:00:00+00:00,,-0.021238094468957414,,-0.004305446058555207
2025-08-15 15:00:00+00:00,,,-0.0033106782291032477,
2025-08-24 14:00:00+00:00,,-0.023963712616736133,,
2025-08-25 20:00:00+00:00,-0.05195000000000005,,,
2025-09-03 00:00:00+00:00,0.017980000000000107,,,
2025-09-13 16:00:00+00:00,,,,0.013896106222017757
2025-09-15 08:00:00+00:00,,,,-0.01166555818172732
2025-09-17 13:00:00+00:00,,,,-0.008461988481022642
2025-09-19 09:00:00+00:00,,,,-0.008779105110423902
2025-09-21 01:00:00+00:00,,,0.021819234704364643,
2025-10-03 08:00:00+00:00,,,,0.010093935157674094
2025-10-03 15:00:00+00:00,,0.02955676164537402,,
2025-10-05 09:00:00+00:00,,,,0.019330418136245253
2025-10-07 02:00:00+00:00,,,,-0.013219359091939609
2025-10-10 15:00:00+00:00,-0.05195000000000005,,,
2025-10-14 06:00:00+00:00,,-0.031362817240736085,,
2025-10-16 15:00:00+00:00,-0.05194999999999994,,,
2025-10-26 09:00:00+00:00,0.017979999999999885,,,
2025-10-27 21:00:00+00:00,,,,-0.01674521185839617
2025-10-29 20:00:00+00:00,,,-0.007911051401837677,
2025-11-09 18:00:00+00:00,0.017979999999999885,,,
2025-11-12 21:00:00+00:00,,,-0.03246110284613746,
2025-11-18 16:00:00+00:00,0.017980000000000107,,,
2025-11-19 18:00:00+00:00,-0.05195000000000005,,,
2025-11-20 17:00:00+00:00,-0.05195000000000005,,,
2025-11-23 01:00:00+00:00,0.017980000000000107,,,
2025-11-26 22:00:00+00:00,0.01864327020362455,,,
2025-12-02 20:00:00+00:00,0.027446622731273296,,,
2025-12-04 22:00:00+00:00,,,-0.0030114356774577633,
2025-12-07 14:00:00+00:00,,-0.034192604859027975,,
2025-12-09 15:00:00+00:00,0.017980000000000107,,,
2025-12-14 22:00:00+00:00,-0.05195000000000005,,,
2025-12-18 19:00:00+00:00,-0.05195000000000016,,,
2025-12-19 15:00:00+00:00,0.017979999999999885,,,
2025-12-22 21:00:00+00:00,,,-0.021679403624508042,
2025-12-29 12:00:00+00:00,,,-0.026587413849276986,
2026-01-02 16:00:00+00:00,0.017980000000000107,,,
2026-01-06 07:00:00+00:00,,,,-0.013844725549396975
2026-01-06 16:00:00+00:00,,-0.01726836912646401,,
2026-01-06 20:00:00+00:00,,,0.027037576307549216,
2026-01-14 06:00:00+00:00,,,,-0.0023490304442748133
2026-01-14 20:00:00+00:00,0.017980000000000107,,,
2026-01-15 03:00:00+00:00,,,,-0.006761751022197227
2026-01-16 04:00:00+00:00,,,0.01636153902264459,
2026-01-18 23:00:00+00:00,,-0.02361921787434762,,
2026-02-02 15:00:00+00:00,0.017980000000000107,,,
2026-02-04 22:00:00+00:00,-0.05195000000000005,,,
2026-02-06 21:00:00+00:00,0.0631433831809376,,,
2026-02-07 07:00:00+00:00,-0.05194999999999994,,,
2026-02-10 14:00:00+00:00,-0.05195000000000005,,,
2026-02-11 10:00:00+00:00,,-0.05810418303828424,,
2026-02-13 15:00:00+00:00,0.017980000000000107,,,
2026-02-14 11:00:00+00:00,0.017979999999999885,,,
2026-02-24 04:00:00+00:00,-0.05195000000000005,,,
2026-02-25 01:00:00+00:00,0.017979999999999885,,,
2026-02-25 21:00:00+00:00,0.047299829551507244,,,
2026-02-26 21:00:00+00:00,,,-0.025502414603148837,
2026-02-27 11:00:00+00:00,,-0.034226965535507525,,
2026-02-28 22:00:00+00:00,0.02280803699172651,,,
2026-03-04 13:00:00+00:00,0.02992975689351396,,,
2026-03-05 20:00:00+00:00,,,-0.03439495768051337,
2026-03-06 12:00:00+00:00,-0.05195000000000005,,,
2026-03-06 14:00:00+00:00,,-0.04365451361703232,,
2026-03-09 13:00:00+00:00,0.017979999999999885,,,
2026-03-10 02:00:00+00:00,0.017979999999999885,,,
2026-03-10 15:00:00+00:00,0.017980000000000107,,,
2026-03-16 08:00:00+00:00,,,,-0.01741885097436635
2026-03-17 04:00:00+00:00,,,,-0.00542382396218688
2026-03-18 06:00:00+00:00,,,-0.013002905973715895,
2026-03-25 10:00:00+00:00,0.017979999999999885,,,
2026-04-01 06:00:00+00:00,0.017979999999999885,,,
2026-04-02 02:00:00+00:00,-0.031970000000000054,,,
2026-04-07 07:00:00+00:00,,,-0.010285674615691853,
2026-04-07 22:00:00+00:00,0.017980000000000107,,,
2026-04-08 14:00:00+00:00,,,,-0.018911589109816163
2026-04-09 14:00:00+00:00,,,-0.01496200017565208,
2026-04-09 22:00:00+00:00,0.017980000000000107,,,
2026-04-10 07:00:00+00:00,,,,-0.020874582136415798
2026-04-12 01:00:00+00:00,,,,-0.011351588708793048
2026-04-13 22:00:00+00:00,0.017979999999999885,0.04154571835109033,,
2026-04-14 17:00:00+00:00,,,,0.004261994205379427
2026-04-15 10:00:00+00:00,,,-0.00885038039405972,
2026-04-17 09:00:00+00:00,0.017980000000000107,,,
2026-04-17 16:00:00+00:00,,0.04179639286546033,,
2026-04-18 10:00:00+00:00,,,,0.0026681845445104546
2026-04-18 15:00:00+00:00,,,-0.016761384859054207,
2026-04-19 07:00:00+00:00,-0.031970000000000054,,,
2026-04-22 14:00:00+00:00,0.017979999999999885,,,
2026-04-23 00:00:00+00:00,,,,-0.008301249684927958
2026-04-23 12:00:00+00:00,,,-0.01639853038281891,
2026-04-27 05:00:00+00:00,,,,-0.01603141984585843
2026-05-04 10:00:00+00:00,,,,-0.004547948324091222
2026-05-05 19:00:00+00:00,,0.031109945233213532,,
2026-05-06 08:00:00+00:00,0.017980000000000107,,,
2026-05-06 14:00:00+00:00,,,,0.006150376966596038
2026-05-15 13:00:00+00:00,-0.031970000000000054,,,
2026-05-17 23:00:00+00:00,,-0.061896354087299876,,
2026-05-27 13:00:00+00:00,-0.03196999999999994,,,
2026-06-17 07:00:00+00:00,,,0.016071206355889656,
2026-06-18 15:00:00+00:00,,-0.073736993120602,,
2026-07-06 13:00:00+00:00,,,0.0014328864932917629,
2026-07-06 21:00:00+00:00,,0.04150573729818863,,
2026-07-13 02:00:00+00:00,,,-0.012968962661426109,
2026-07-16 13:00:00+00:00,,,-0.011375639634628065,
2026-07-20 09:00:00+00:00,,,-0.0136392947215217,
2026-07-22 05:00:00+00:00,,,,0.004116015222950464
2026-07-23 05:00:00+00:00,,,-0.011200708236877466,
2026-07-27 23:00:00+00:00,,,-0.02481319079249189,
2026-07-29 16:00:00+00:00,,,,-0.007565026486844539
2026-07-31 07:00:00+00:00,,,,-0.013655835182861953
2026-08-03 03:00:00+00:00,,,,-0.004793207721703774
2026-08-06 13:00:00+00:00,,,,0.004470625691124663
2026-08-07 17:00:00+00:00,,,,-0.008283925264361502
2026-08-09 23:00:00+00:00,,,,-0.006397229740200072
2026-08-10 17:00:00+00:00,,,-0.015789629022625262,
2026-08-16 21:00:00+00:00,,,,-0.00613628341596939
2026-08-19 06:00:00+00:00,,,,0.010660670913627213
2026-08-19 14:00:00+00:00,,0.018262536313685906,,
2026-08-20 06:00:00+00:00,0.017980000000000107,,,
2026-08-21 00:00:00+00:00,0.017980000000000107,,,
2026-08-21 11:00:00+00:00,,,,0.18034171897840712
2026-08-21 14:00:00+00:00,0.02642452065594192,,,
2026-08-22 02:00:00+00:00,,0.13317422747031538,,
2026-08-25 12:00:00+00:00,,,,0.013802264804807507
2026-08-28 10:00:00+00:00,,,,-0.0034272773721171212
2026-08-28 19:00:00+00:00,,,0.20579822429906547,
2026-08-30 20:00:00+00:00,,,,0.001864689096506389
2026-09-01 08:00:00+00:00,,,,-0.01806324408512694
2026-09-03 04:00:00+00:00,,-0.011700879444373702,,
2026-09-04 12:00:00+00:00,-0.02198000000000011,,,0.028696311530861163
2026-09-06 14:00:00+00:00,,,,-0.009986592418036677
2026-09-07 07:00:00+00:00,,,,-0.011474608323612023
2026-09-07 16:00:00+00:00,,,-0.028494248751101736,
2026-09-09 15:00:00+00:00,,,,-0.006328388936012841
2026-09-10 12:00:00+00:00,,-0.04948744538632832,,
2026-09-11 15:00:00+00:00,,,,-0.004586669973099866
2026-09-13 22:00:00+00:00,,,,-0.011304297879431213
2026-09-15 00:00:00+00:00,,,,0.006749095685171458
2026-09-15 12:00:00+00:00,,,-0.027285319310172418,
2026-09-19 15:00:00+00:00,0.017980000000000107,,,
2026-09-20 02:00:00+00:00,,,,0.052165814115043174
2026-09-21 08:00:00+00:00,,0.031589124643029765,,
2026-09-21 21:00:00+00:00,0.025708558751714294,,,
2026-09-22 05:00:00+00:00,,,,0.04397216736107734
2026-09-23 03:00:00+00:00,,0.03555294173901635,,
2026-09-23 11:00:00+00:00,,,,-0.014715459423771171
2026-09-23 23:00:00+00:00,,,0.08486913532481544,
2026-09-25 14:00:00+00:00,,,,-0.019331194148442865
